BARRA;PRODUCTO;FAM;DESCPROD;LABORATORIO;FECLOTE;NETO;PEDIDO;TOTAL NETO;SALDO
7800050002954;AERPEDMF;DM;AEROCAMARA UNIVER. PED-AD;MINTLAB;feb.-30;$1.743;;0;12
7804673040126;2021DMF;DM;GUANTE EX. NITRILO L-P AZUL TRESOR XL  X 100 ;REUTTER;abr.-29;$2.510;;0;8
7804673040409;2006DMF;DM;GUANTE NITRILO AZUL TALLA  S X100 U;REUTTER;jul.-29;$2.580;;0;3
;211105500DMF;DM;LIFESTYLES STUDDED ROUGH RIDER X3;PRATER;oct.-28;$969;;0;53
7803504404113;15GDMF;DM;PASTA LASSAR 30 GR.(valma;VALMA;oct.-26;$848;;0;120
7804650886020;042DMF;DM;PRESERVATIVO KINDOM X3U ACCION RETARDANTE;DESFAR;mar.-29;$370;;0;566
7800078000239;3003DMF;DM;PRESERVATIVO KINGDOM X 3U SUPER ESTRIADO;DESFAR;mar.-29;$370;;0;556
7800004004805;2024DMF;DM;PRESERVATIVO KINGDOM X3 LISO RESISTENTE;DESFAR;mar.-29;$370;;0;556
8427426005983;2022DMF;DM;PRESERVATIVO KINGDOM X3U SUPER GRANULADO;DESFAR;mar.-29;$370;;0;566
7804651938094;200267906DMF;DM;PRESERVATIVO SENSORPLUS X 3 UN TRES SABORES;HELSELAB;may.-28;$463;;0;234
7800007804877;200267905DMF;DM;PRESERVATIVO SENSORPLUS X 3UNI ULTRA SENSIBLE;HELSELAB;jul.-29;$466;;0;177
7800063116419;021DMF;DM;PRESERVATIVO SENSORPLUS X 3UNI. DOTTED;HELSELAB;may.-28;$466;;0;209
7800063000770;10003DMF;DM;TERMOMETRO DIGITAL F.SET ;REUTTER;abr.-29;$1.253;;0;33
5000158069633;105DMF;DM;TEST DE EMBARAZO ONE TEST CASETTE;HELSELAB;jun.-27;$272;;0;30
8427426006058;10G025510R05;FAR;ABRILAR JBE 35MG-5ML 100ML;PHARMA INVESTI;sep.-26;$3.868;;0;572
7800063330198;000003;FAR;AC. MEFENAMICO 500MGX10 COMP (MINTLAB);MINTLAB;mar.-29;$336;;0;72
7800028002597;1000001ABJ05;FAR;ACICLOVIR 400MGX35 COMP BE;MDC;ene.-27;$2.042;;0;145
7800007679895;10GE13518M01;FAR;ACTRON 400MGX10 CAPS;BAYER OTC;jun.-26;$1.648;;0;54
7804650311133;106AN06;FAR;AMITRIPTILINA  25 MG 24 COMP.REC.;CHILE;jul.-26;$1.122;;0;1
7800063001944;000221;FAR;AMLODIPINO  5 MG X  30 COMP.(OPKO);OPKO;oct.-27;$409;;0;86
4048846023049;100073818C08;FAR;AMLODIPINO 10MGX30 COMP (MINTLAB);GENERICOS VARIOS;sep.-26;$407;;0;40
7800007142658;10G041718C08;FAR;AMLODIPINO 5MGX30 COMP BE.(MINTLAB);GENERICOS VARIOS;jun.-27;$455;;0;133
7804659070512;100350J01;FAR;AMOXICILINA 500 MG X 21 CAP.(CURAESPRING);MDC HEALTH SPA;sep.-27;$965;;0;1438
7800007771193;000253;FAR;ANACIN CLASICO X32 COMP;GSK  OTC;ene.-27;$2.269;;0;36
8437020503211;000252;FAR;ANACIN MAX X32 COMP;GSK  OTC;ene.-27;$2.731;;0;72
7460536555345;100417118G03;FAR;ANOVULATORIOS MICRO 21 COMP;ANDROMACO;abr.-26;$908;;0;41
3596540050096;100229018A02;FAR;ANTIAX X6 COMP MAST;SAVAL;dic.-26;$919;;0;33
7800063001760;100013323M02;FAR;ARNIKADERM 10% GEL 50G;KNOP FITOTERAPEUTICOS;nov.-26;$3.349;;0;26
7800008020030;100245618N02;FAR;ASPIRINA 500MGX100 COMP;BAYER OTC;nov.-27;$3.870;;0;27
7804640560534;10G040618N02;FAR;ASPIRINA FORTE 650 MG X 80 COMP;BAYER OTC;jun.-26;$3.873;;0;78
7800059006526;102AC10;FAR;ATORVASTATINA 20MG X 30 COMP.(lch);CHILE;sep.-26;$395;;0;18
7803504404113;100301618J01;FAR;AZITROMICINA 500MG X 6COMP.(MINTLAB);MINTLAB;feb.-26;$967;;0;120
7800041043928;10001C01;FAR;BAGOMIGRAL COM.2.5MG.;BAGO;oct.-26;$7.568;;0;37
7800018000831;100443423M02;FAR;BEPANTHOL UNG 30G;BAYER OTC;oct.-26;$2.809;;0;85
7730969300332;100229510R05;FAR;BISOLVON JBE AD 8MG-5ML 125 ML;MAVER;ago.-26;$1.980;;0;93
7800028000852;100254810R05;FAR;BISOLVON JBE INF 125 ML;MAVER;jun.-26;$2.459;;0;87
7803504404106;100AC07;FAR;BISOPROLOL 2,5 MG X 30 COMP (CURAESPRING);CURAESPRING;jun.-26;$1.403;;0;118
7800044000126;100001118D08;FAR;BUCOGERM 10 COMP;MINTLAB;sep.-28;$966;;0;7
7800018000954;180440218M01;FAR;BURTEN 30MG SL X2 COMP;CHILE;jul.-26;$2.875;;0;10
7793640992615;100022618N02;FAR;CAFIASPIRINA X100 COMP;BAYER OTC;oct.-26;$3.944;;0;7
7804628610015;100215823M02;FAR;CALORUB FTE POMO 35GR;MENTHOLATUM;ago.-27;$2.724;;0;20
7804614931865;100181723M02;FAR;CALORUB NVA FORMULA POMO 35GR;MENTHOLATUM;ene.-27;$2.567;;0;25
7804673040447;1111B01;FAR;CARDIOASPIRINA 100EC X20 COMP;BAYER OTC;ago.-26;$2.857;;0;62
7804900000299;1PV021018M01;FAR;CELECOXIB 200 MG 10 CAP.(curaespring);GENERICOS VARIOS;jun.-27;$561;;0;123
7800004032853;100453318A11;FAR;CENTRUM MINI X 30 COMP.;GSK  OTC;feb.-26;$4.601;;0;17
78037830;101M03;FAR;CICLOBENZAPRINA 10MGX20 COMP.(LAB CHILE);CHILE;oct.-26;$441;;0;63
7800007120847;100GE3818J01;FAR;CLARITROMICINA 500MGX14 COMP;CHEMOPHARMA;jul.-26;$2.585;;0;35
7804900000794;000026;FAR;CLAVAM DUO 875mg + 125mg Comp. Rec. x 14(eurofarma);EUROFARMA;abr.-26;$5.055;;0;8
7800007803801;100453115S01;FAR;CLORANFENICOL 0,5%  SOL OFT 10ML;OPKO;feb.-26;$605;;0;154
7800044000683;100AA01;FAR;CLORHEXIDINA GLUCONATO COLUTORIO 0,12%;MDC;oct.-27;$1.561;;0;60
7805633008903;201D01;FAR;CLOTRIMAZOL CR 20GR;MDC;abr.-26;$297;;0;660
7800044000676;101165818N02;FAR;COLMAX 125MGX10 COMP;ANDROMACO;ene.-27;$898;;0;56
7804620834884;100DR05;FAR;DEUCOTOS JBE;EUROFARMA;ago.-26;$2.899;;0;54
7804676070045;000005;FAR;DICLOFENACO 100MGX8 COM.LP(curaespring);MDC;oct.-26;$330;;0;2056
8903726193556;100155023D11;FAR;DICLOTAREN GEL 1,16% 30GR;FARMOQUIMICA;mar.-27;$799;;0;445
7800060163812;100206123D11;FAR;DICOGEL GEL TOPICO 1,16%;MINTLAB;feb.-28;$1.097;;0;197
7804900000831;100AM09;FAR;DINAFLEX-DUO 500-400 MG 60 CAPS. (GLUCOSAMINA + CONDROITINA);TECNOFARMA;may.-27;$14.141;;0;9
7800060407466;100271229A02;FAR;DISFRUTA CLASIC SAL SB (60);MAVER;oct.-27;$3.557;;0;366
7800063130033;100271329A02;FAR;DISFRUTA LIMON SAL SB (60);MAVER;oct.-27;$3.069;;0;101
7806130008885;100470718N06;FAR;ESCITALOPRAM 10MG 30COMP.(OPKO);OPKO;mar.-26;$774;;0;632
7800041040873;1002N06;FAR;ESCITALOPRAM 20 MG X 30 COMP. REC (SEVEN);SEVEN;sep.-27;$2.861;;0;10
7805633008927;100405418C03;FAR;ESPIRONOLACTONA 25 MGX20 COMP BE;ANDROMACO;ene.-26;$669;;0;658
7800007672964;100081807R01;FAR;FACIMIN 0,05% SP NAS 10ML;MINTLAB;ene.-27;$3.585;;0;95
8903726193389;120BA02;FAR;FAMOTIDINA [BE] 20 MG 20 COMP.(CHILE);CHILE;ene.-28;$534;;0;20
7800018160009;100387718R01;FAR;FINAGRIP 10 COMP;INTERPHARMA (IPHSA);jul.-27;$1.163;;0;25
7800060009738;10018N06;FAR;FLUOXETINA 20MGX20 COMP (MINTLAB);MINTLAB;nov.-26;$332;;0;80
7800018000374;100046823D04;FAR;FOILLE UNG 28GR;SYNTHON;dic.-27;$1.749;;0;29
7803504421820;000852;FAR;GAMALATE B6 60 COMP. REC.;ANDROMACO;jul.-26;$20.269;;0;1
7800060005723;100A02;FAR;GAVISCON SACHET MENTA 10 ML X12;RECKITT BENCKISER;abr.-26;$4.594;;0;2
7800018163642;100371629R02;FAR;GENIOL DÍA 30XSOBRES;MINTLAB;may.-27;$6.765;;0;45
7804972000227;100270310R01;FAR;GENIOL FLU JBE 100 ML;MINTLAB;dic.-26;$1.500;;0;980
7800063000770;103C09;FAR;GUTRON 5 MG 10 COMP.;ANDROMACO;jul.-26;$12.983;;0;32
7804676070069;100123910R05;FAR;HIEDRIX 35MG-15ML JBE;CHILE;may.-26;$990;;0;1635
7800028005536;200AM01;FAR;IBUPIRAC-LC 400 MG 20 CAPS. BDAS. ;CHEMO;dic.-26;$1.561;;0;90
7800063111445;100000123R01;FAR;INHALADOR MENTHOLATUM;HOFMANN;sep.-26;$1.978;;0;43
7804659070406;000014;FAR;KETOPROFENO T.U 200MGX10 COMP.(MINTLAB);MINTLAB;ago.-26;$774;;0;1470
7804659070390;10G051518N02;FAR;KITADOL 500MG X24 COMP;CHILE;nov.-26;$494;;0;1433
8470006862209;1300G03;FAR;LACTAFEM 75 MCG X 28 COMP RECUB;ANDROMACO OTC;mar.-26;$9.199;;0;1
7804620834303;102XS01;FAR;LAGRIMAS ARTIF.0.5% X 15ML SOL.OFT;OPKO;mar.-26;$752;;0;20
7804659070437;119904218A07;FAR;LOPERAMIDA 2MGX6 COMP (mintlab);MINTLAB;nov.-28;$253;;0;1337
7803504001237;100372818C09;FAR;LOSARTAN 50 MGX30 COMP;ASCEND;jun.-27;$470;;0;139
7800038000859;1T0048910R06;FAR;LOTADIN 2,5MG-5ML JBE 120 ML;OPKO;mar.-26;$900;;0;3466
7800007771193;100162518R06;FAR;MAREAMIN 100MGX20 COMP;EUROFARMA;jul.-26;$2.417;;0;36
780004031245;1010N05;FAR;MELATONINA  GOTAS 3MGX30 ML CIRCALIFE;ARAMA;jun.-26;$3.509;;0;243
7800060147102;100410N05;FAR;MELATONINA 3MGX30 CAPS(CURESPRING);MDC;oct.-26;$909;;0;440
7800007808264;100082218N05;FAR;MELIPASS 60 CAP;KNOP 1-021;abr.-26;$2.666;;0;46
7804676070076;000006;FAR;MENTHOLATUM 12 GR;MENTHOLATUM;jul.-26;$478;;0;1707
7804918500088;126820818A03;FAR;METOCLOPRAMIDA 10 MG 24COMP.(MINTLAB);MILAB;oct.-28;$435;;0;77
7804620836406;000001;FAR;MIGRANOL 10 COMP;BAGO;oct.-26;$987;;0;190
7800007407627;2002R05;FAR;MUXOL 30 MG X 20 COMP.;SAVAL;ene.-28;$5.269;;0;17
7798027360025;000013;FAR;NAPROXENO 550MGX10 COMP (MINTLAB);MILAB;nov.-26;$758;;0;1088
7800007794994;100098710R01;FAR;NASTIZOL COMPT JBE 100ML;BAGO;jun.-26;$5.539;;0;354
7730698014852;100223918R06;FAR;NEOHYSTICLAR JBE 2,5MG-5ML 90ML;MINTLAB;sep.-26;$2.921;;0;511
7804625950442;100D05;FAR;NEOMICINA 500MG;CHILE;ago.-26;$4.329;;0;110
780004031245;100GE5110R05;FAR;NOSCAPINA 5MG-5ML JBE 100ML;MINTLAB;nov.-26;$931;;0;249
7800038046178;101016307R01;FAR;OXILIN 0,05% SOLN NASAL 15ML;PASTEUR;feb.-26;$4.510;;0;191
7730698014852;119915810R05;FAR;OXOLAMINA 28 MG PED JBE  100ML;MINTLAB;nov.-26;$907;;0;495
7451079003462;100431510R05;FAR;OXOLAMINA 50 MG AD JBE  100ML;MINTLAB;nov.-26;$1.056;;0;125
7800044001444;177236618N02;FAR;PANADOL  ADVANCE 500MGX48 COMP;GSK  OTC;nov.-26;$1.983;;0;66
7804651935581;000898;FAR;PANCRIT MENTA FRESCA X 10 COMP ;MAVER;mar.-26;$915;;0;225
;000899;FAR;PANCRIT MIEL-LIMON X 10 COMP ;MAVER;mar.-26;$915;;0;205
7804918450024;10G012920N02;FAR;PARACETAMOL 125MG INFX6 SUP;CHILE;jul.-26;$534;;0;834
737186233273;100516N02;FAR;PARACETAMOL 500MGX16 COMP BE.(LAB CHILE);CHILE;sep.-27;$178;;0;10300
7800007124326;130AN02;FAR;PARACETAMOL+TRAMADOL 325+37,5 MG X 30 COMP.REC.;CHILE;dic.-27;$1.954;;0;134
7804640561210;000904;FAR;PERFUNGOL PVO DERMICO X 80GR.;BAGO;mar.-28;$3.894;;0;196
7804620833498;1001AA03;FAR;PLAZOLIT 5MG-ML 15ML GOTAS;MINTLAB;abr.-27;$1.389;;0;37
7803504005709;1002AA03;FAR;PLAZOLIT FORTE 10MG-ML 15ML GOTAS;MINTLAB;mar.-27;$1.414;;0;60
7800018000664;100457718N02;FAR;PREDUAL 10COMP;MAVER;nov.-27;$840;;0;70
7800007804600;11G027518N02;FAR;PREDUAL 125 COMP (25X5);MAVER;oct.-27;$7.423;;0;135
7800028003730;160000001N03;FAR;PREGABALINA 75MG X30 CAP;ASCEND LABORATORIES SPA;nov.-26;$1.323;;0;332
7800063130507;100235618M01;FAR;PYRIPED 400MG 20 CAP.;MINTLAB;feb.-26;$1.609;;0;112
7800028210350;100336518N05;FAR;QUETIAPINA 25MGX30 COMP.(sevenpharma);HETERO;abr.-27;$1.110;;0;87
8903726208847;100BP03;FAR;REPELEX NF SPRAY 165 ML;SANITAS;ago.-27;$2.116;;0;173
3662042004469;000251;FAR;SERTRALINA 100 MG X 30 COMP (MINTLAB);MILAB;jun.-26;$1.375;;0;72
7861073971177;100294618N06;FAR;SERTRALINA 50MGX30 COMP BE (MINTLAB);MILAB;may.-27;$462;;0;25
7801000120445;154035210A07;FAR;SUEROX ARANDANO POMELO 630ML;GENOMMA;ago.-26;$1.528;;0;452
7730698014869;154429210A07;FAR;SUEROX FRUTILLA-KIWI 630ML;GENOMMA;jul.-26;$1.517;;0;490
7809591402582;154034910A07;FAR;SUEROX LIMON DE PICA 630ML;GENOMMA;ago.-26;$1.485;;0;560
7800060147102;155164510A07;FAR;SUEROX MANGO-DURAZNO 630ML;GENOMMA;dic.-26;$1.516;;0;430
7804614932015;154035510A07;FAR;SUEROX MANZANA 630ML;GENOMMA;jul.-26;$1.529;;0;532
7804673040003;154035310A07;FAR;SUEROX NARANJA 630ML;GENOMMA;sep.-26;$1.474;;0;554
7804671180664;154035010A07;FAR;SUEROX PIÑA 630ML;GENOMMA;may.-26;$1.485;;0;534
7800060015661;111111;FAR;SUEROX SABOR FRUTOS ROJOS X 630 ML X12UNID.;GENOMMA;jul.-26;$1.430;;0;380
7800007128072;127239718M01;FAR;SYNDOL SL 30MG 4COMP;PHARMA INVESTI;jul.-26;$5.170;;0;10
7803504001725;10G044118N02;FAR;TAPSIN ROJ-CAF X600 COMP;MAVER;abr.-28;$17.299;;0;138
7804650881520;000909;FAR;TELLMI 80 MG X 30 COMP. ;SAVAL;feb.-27;$15.069;;0;4
7800063111483;101D01;FAR;TERBINAFINA 250 MG X30 COMP.(CURAESPRING);MDC;abr.-26;$2.873;;0;43
7800060009721;100403210R05;FAR;TOCEX JBE 60MG-10ML 120ML;BAGO FARMA;jul.-27;$3.389;;0;80
7800060036970;10G025610R01;FAR;TRIO VAL  SUSP 100ML;SAVAL OFERTAS;jul.-26;$4.329;;0;74
7800060015685;10G024618R01;FAR;TRIO VAL DIA-NOCHE 20 COMP;SAVAL;jul.-28;$3.095;;0;371
7804673040072;129413018C09;FAR;VALAX 160MG 30COMP (SAVAL);SAVAL;may.-27;$6.050;;0;10
7800028005536;11CA04C09;FAR;VALSARTAN 160MG 30 COMP;SEVEN;jun.-26;$3.919;;0;89
7804673040423;100GE2010A03;FAR;VIADIL FORTE GTS;MEGALABS;oct.-26;$2.119;;0;166
7896009498374;10G025410A03;FAR;VIADIL GTS;PHARMA INVESTI;sep.-26;$2.119;;0;399
7800063325262;10G030923M02;FAR;VITAPOVIN POM 10GR;MAVER;feb.-27;$864;;0;169
7800063160085;000886;FAR;ZIVAL 5 MG X 40 COMP. REC.;SAVAL;abr.-26;$7.674;;0;4
7800044000690;429114400DMF;PER;BUBU TOA HUM C-ACE EM 80X2BUBU TOA HUM C-ACE EM PACK X2;BUBU;dic.-27;$1.471;;0;56
7804673040218;SUP036;SUP;CITRATO DE MAGNESIO 400MG X30 CAP.(PRANALAB);PRANALAB;mar.-27;$1.448;;0;10
7804673040409;000285;SUP;FISIOFER 800 MG-15ML S.O.10 FCOS.BEB. 15 ML (HIERRO);ITF FARMA;jul.-26;$17.625;;0;2
7804900000824;VET13;VET;V-BRAVECTO 1M PERRO 45 MG 2-4,5 KG X 1 COMP MASTST;INTERVET GMBH.;feb.-26;$4.589;;0;8
7800063130514;VET2;VET;V-INVERMIC 2% GATO SOL ORAL GOTAS X 10 ML;VETERINARIA DRAG PHARMA;ene.-27;$924;;0;117
8427426020207;VET44;VET;V-NEXGARD  3 TABLETAS MASTICABLE 68 MG - 10-25 KG;BOEHRINGER ING. VET;feb.-27;$10.353;;0;1
7800060130647;VET119;VET;VT BRAVECTO 1M PERRO 400 MG 20-40 KG X 1 COMP MAST;INTERVET GMBH.;feb.-26;$7.635;;0;3
7800004005130;VET3;VET;VT INVERMIC 2% PERRO SOL ORAL GOTAS X 10 ML;VETERINARIA DRAG PHARMA;ago.-26;$912;;0;126
8713184229885;004ALIM;ALIM;WHEY PROTEIN 1KG  VAINILLA 100% WHEY                        ;SCL;feb.-27;$27.000;;0;1
7804673040256;220DERM;DERMO;ISDIN REPARADOR LABIAL STICK 4G. CON ACIDO HIALURONICO;ISDIN;jul.-27;$4.994;;0;5
8713184148957;080DMF;DM;(DM) INTERPROX PLUS CEPILLO MICRO ISO 2 0,9 MM X 6 UNID.;DENTAID;abr.-29;$3.990;;0;1
8713184148940;107DMF;DM;(DM) INTERPROX PLUS CEPILLO NANO ISO 0 0,6 MM X 6 UNID.;DENTAID;mar.-29;$3.887;;0;1
7800006002861;084DMF;DM;(DM) INTERPROX PLUS CEPILLO SUPER MICRO ISO 1 0,7 MM X 6 UNID.;DENTAID;abr.-29;$3.990;;0;1
7794640170898;190DMF;DM;CETAPHIL PRO AR CALM CONTROL CREMA CON COLOR HIDRATANTE DÍA FPS 30 X TUBO 50 ML;GALDERMA;nov.-27;$868;;0;20
7804673040133;2003DMF;DM;GUANTE VINILO TALLA S X100U.;0;mar.-28;$1.621;;0;8
8470001901200;JER3MLDMF;DM;JER. MUNCARE  L LOCK 3ML 21GX1-1-2;MUNCARE;mar.-28;$37;;0;6399
7804918450031;JER10MLDMF;DM;JER. MUNCARE  L SLIP 10ML 21GX1-1-2;MUNCARE;jun.-29;$56;;0;800
7804651931910;JER20MLDMF;DM;JER. MUNCARE  L SLIP 20ML 21GX1-1-2;MUNCARE;dic.-27;$69;;0;230
7805633018353;JER5MLDMF;DM;JER. MUNCARE  L SLIP 5ML 21GX1-1-2;MUNCARE;dic.-27;$36;;0;4976
7800070004341;211105300DMF;DM;LIFESTYLES ULTRA SENSIBLE NUDA X3;PRATER;mar.-29;$1.200;;0;13
7800004004980;211105401DMF;DM;LIFESTYLES VIBRA-RIBBED STIMULA X3;PRATER;dic.-28;$1.111;;0;165
7800063111414;111DMF;DM;MASCARILLA 3 PLIEGUES CELESTE X50U CRANBERRY;CRANBERRY;jun.-27;$1.062;;0;135
7804650880677;20CCRDMF;DM;MASCARILLA X50U 3 PLIEGUES CELESTE;0;jul.-29;$1.062;;0;54
7804620833412;025DMF;DM;MAYON ULTRA CRE ADHE X 40 GR;FARMODENTAL;dic.-27;$3.905;;0;3
7809599501553;238326900DMF;DM;OXIMETRO DE PULSO LOVELIFE;LOVELIFE;jun.-27;$10.021;;0;1
7800028000357;128746100DMF;DM;PAÑUELO FAMILY SETX 18 UNID;FAMILY SET;dic.-28;$1.418;;0;72
737186232993;113DMF;DM;PARCHE CURITAS SURTIDOS CAJA X 20 UNID.(kingcare);KINGCARE;ago.-26;$187;;0;10
8713184229922;093DMF;DM;PHB VIAJE MEDIO CEP. DENTAL+VITIS MINI PASTA DENTAL  20G.;DENTAID;sep.-27;$3.256;;0;1
7804651931927;200267902DMF;DM;PRESERVATIVO SENSORPLUS EXTRA RESISTENTE;HELSELAB;jul.-29;$499;;0;227
7804918402054;501DMF;DM;REPELEX RESFRESCANTE POST PICADURAS GEL 15 ML;SANITAS;sep.-27;$1.600;;0;10
7800004004423;100D08;FAR;AB ANTISEPTICO(AB CLORHEXIDINA) 12 COMP MAST;SAVAL;may.-26;$2.100;;0;133
7800004369621;000843;FAR;ACICLOVIR 5% CREMA POMO 15G X 1 UNID.(LAB CHILE);CHILE;ago.-26;$575;;0;288
7804650880226;1007AM01;FAR;ACTRON 600 MG 10 CAPS.BDAS.;BAYER ;jun.-26;$2.990;;0;70
7804650311140;101CA11;FAR;ACUODE 50.000 UI SOL. ORAL CAJA X 2 SOBRES (COLECALCIFEROL);RECALCINE;ene.-26;$12.100;;0;1
7800007804402;000812;FAR;AMLODIPINO 10 MG X 30 COMP.(ASCEND);ASCEND;feb.-26;$490;;0;6
780476070144;100455610J01;FAR;AMOXICILINA 500MG JBE60ML;OPKO;abr.-26;$1.000;;0;1543
7804620834488;100GE3418J01;FAR;AMOXICILINA 750MGX10 COMP.(MINTLAB);MINTLAB;abr.-29;$1.099;;0;56
7804620833900;000724;FAR;AMOXICILINA+A.CLAVULANICO [BE] [500+125] MG 20 COMP.REC.(OPKO);OPKO;#N/D;J01;;0;15
7800060007635;000707;FAR;ANASTROZOL 1 MG X 30 COMP. REC.;GENERICOS VARIOS;ene.-27;$4.899;;0;12
7891317006396;000293;FAR;ASEPXIA AZUFRE JABON EN BARRA 100 G;GENOMMA;mar.-27;$3.399;;0;5
7804671180480;000300;FAR;ASEPXIA CARBON DETOX JABON 100 G.;GENOMMA;ene.-28;$3.690;;0;5
8903726250365;101AC10;FAR;ATORVASTATINA 10MG 30COMP BE.(LCH);CHILE;jul.-26;$590;;0;50
7800044000409;104AC10;FAR;ATORVASTATINA 80MG 30COMP BE;ASCEND LABORATORIES SPA;dic.-26;$3.949;;0;7
7800063000800;100449510J01;FAR;AZITROMICINA 200MG-5ML SUSP 15ML;HOSPIFARMA;oct.-25;$1.600;;0;97
7804900000305;100172723D06;FAR;BACITRACINA+NEOMICINA UNG 15GR.(MINTLAB);MINTLAB;abr.-28;$875;;0;120
7800018000961;000222;FAR;BALSAMO ANALGESICO UNGUENTO 15 G. ;PASTEUR;nov.-25;$1.328;;0;10
7800004509126;1ET505029M09;FAR;BEAUTIP-D 30SATCHET (Ca-COLG-Mg-VITD);ARAMA;mar.-26;$7.000;;0;13
7804614931445;1000D03;FAR;BEPHANTOL REGENADORA  30 G;BAYER OTC;dic.-26;$2.729;;0;14
7805633008880;000825;FAR;BETAMETASONA CR 0,05% 15 GR.(CURAESPRING);MDC;oct.-27;$275;;0;717
7804673040355;101CN07;FAR;BETINA 16 MG 30 COMP. [BE];EUROFARMA;mar.-26;$11.110;;0;12
3664798040579;100AH11;FAR;BIOTINA + ZINC + Q10  SABOR FRUTOS ROJOS GERMAN ENERGY 20 TABLETAS EFERVESCENTES;BIOPLUS;ago.-27;$1.903;;0;5
7730698014869;101AC07;FAR;BISOPROLOL 5MG X 30 COMP.(CURAESPRING);CURAESPIRNG;jun.-26;$1.859;;0;466
7805163000217;10G018623D06;FAR;BLISTEX CR LAB MED 6GR;SYNTHON;oct.-26;$1.150;;0;1298
7800063130033;100395810R05;FAR;BROMFIN JBE 8MG-5ML 100ML;MINTLAB;nov.-25;$1.084;;0;102
7800063330341;000239;FAR;BROMHEXINA JBE. 4MG;SEVEN;dic.-25;$770;;0;22
7803501004422;100308110R05;FAR;BRONTAL JBE IF 100ML;SANITAS;ago.-26;$3.260;;0;61
7800060015661;100224810R05;FAR;BRONTEC 35MG-5ML 100ML;MINTLAB;feb.-27;$1.520;;0;381
7800063330556;10G040118A07;FAR;CARBON SULFAGUANIDINA 100 COMP;VALMA;ene.-28;$3.190;;0;148
7804667110026;141100218A07;FAR;CARBON SULFAGUANIDINA 20COMP;VALMA;feb.-28;$1.099;;0;175
7861073971160;100372118C07;FAR;CARVEDILOL 12,5MG 30COMP BE;CHILE;mar.-26;$999;;0;40
7804614931438;10G052410J01;FAR;CEFADROXILO JBE 250MG-5ML  60ML.(ANDROMACO);ANDROMACO;abr.-26;$2.699;;0;14
8903726193372;FAR002;FAR;CEFALMIN 10 COMP;SANITAS;oct.-25;$704;;0;200
7804651937851;1PV022018M01;FAR;CELECOXIB 200 MG x 30 CAP.(curaespring);GENERICOS VARIOS;ene.-28;$1.264;;0;170
7804673040232;127453418A11;FAR;CENTRUM HOMBRE 30 COMP REC;GSK  OTC;jun.-26;$5.775;;0;109
7804614931629;180A11;FAR;CENTRUM MUJER X 60 COMP. REC.;GSK  OTC;ago.-26;$13.500;;0;15
7803504005808;199453318A11;FAR;CENTRUM MULTIVITAMINICO 30COM;GSK  OTC;feb.-26;$4.258;;0;4
7800007409249;108AA11;FAR;CENTRUM SILVER X 30 COMP REC;GSK  OTC;nov.-26;$7.200;;0;45
7806130008854;101AR06;FAR;CETIRIZINA CLORHIDRATO 10MG X 30 COMP;MDC;oct.-25;$600;;0;636
3664798040623;103BA12;FAR;CITRATO DE MAGNESIO 400 MG 90 CAPS;SCL;mar.-27;$4.300;;0;5
7730698014852;10G019418D08;FAR;CLARAGINE 16 COMP;PRATER;ene.-26;$700;;0;499
7800018000770;1300S01;FAR;CLARIMIR F SOL OFT X 15 ML;ANDROMACO;feb.-26;$6.281;;0;11
7804900000770;10G031415S01;FAR;CLARIMIR SOL OFT 12MG-ML 15ML;ANDROMACO;dic.-25;$2.400;;0;9
7800063370057;000270;FAR;CLORANFENICOL UNGÜENTO OFT 1% X3.5G.(hospifarma);HOSPIFARMA;dic.-25;$999;;0;30
7800007771278;100AA01;FAR;CLORHEXIDINA GLUCONATO COLUTORIO 0,12%;MDC;dic.-25;$1.561;;0;38
7800046005365;1001D01;FAR;CLOTRIMAZOL 1% X 20ML SOL.TOP;GENERICOS VARIOS;oct.-26;$850;;0;51
8427426006010;100302823D01;FAR;CLOTRIMAZOL CR 20GR;CURAESPIRNG;mar.-26;$297;;0;602
7501298222592;10037M03;FAR;COREGA SIN SABOR 70GR;GSK PERFUMERIA;feb.-27;$8.599;;0;21
7800007119322;1005J01;FAR;COTRIMOXAZOL 200-40MG-5ML SUSP ORAL 100ML;MINTLAB;abr.-26;$1.250;;0;22
7800004005055;150AG03;FAR;DAYS 1,5 MG 1 COMP (LEVONORGESTREL) [BE];CHILE;sep.-26;$4.642;;0;2
7800068011481;154329618R06;FAR;DESLORATADINA 5MG 30COMP;CURAESPRING;dic.-26;$899;;0;33
7804620834433;100034618A07;FAR;DIAREN 20 COMP;SAVAL;ene.-30;$4.100;;0;20
43D9CCICKBF4BQ;100215418M01;FAR;DICLOFENACO 50MGX10 COMP.(opko);OPKO;jun.-27;$220;;0;640
95Z51631114627;100421218M01;FAR;DICLOFENACO SODICO 100 MG X 8 CAPS LP (OPKO);OPKO;ago.-27;$333;;0;912
7800063115443;193144518G04;FAR;DISILDEN 100MG 5COMP;INTERPHARMA (IPHSA);abr.-28;$1.480;;0;212
7800004340446;100252418G04;FAR;DISILDEN 100MGX3 COMP;INTERPHARMA (IPHSA);ene.-28;$1.265;;0;110
7800004000418;100150318G04;FAR;DISILDEN 50MGX10 COMP;INTERPHARMA (IPHSA);feb.-28;$2.054;;0;270
7800004500901;1000G04;FAR;DISILDEN 50MGX5 COMP;INTERPHARMA (IPHSA);ene.-28;$1.192;;0;273
;100257723M02;FAR;DOLORUB 5% CR 45GR;MAVER;ene.-26;$2.090;;0;232
1052M02;100320726M02;FAR;DOLORUB PARCHE CASPICO X 1 UNI;MAVER;dic.-26;$1.099;;0;91
7800046005563;1090J01;FAR;DOXICICLINA 100 MG 10 CAPS.(megalabs);PHARMA INVESTI;ene.-28;$1.710;;0;74
7804673040324;105AN06;FAR;DULOXETINA 60 MG X 30 CAPS. REC. ENT.(hetero);HETERO;abr.-26;$3.300;;0;5
7800017002317;000900;FAR;ELCAL-D CAP 60;ANDROMACO;feb.-26;$11.999;;0;1
7804651931903;100274018C09;FAR;ENALAPRIL 10MGX20 COMP;OPKO;may.-27;$233;;0;218
7800018001166;100C09;FAR;ENALAPRIL 10MGX20 COMP.(andromaco);ANDROMACO;#N/D;C09;;0;68
7804620832767;100247418C09;FAR;ENALAPRIL 20MGX20 COMP.(opko);OPKO;#N/D;C09;;0;10
7805163000125;000842;FAR;ESCAPEL-2 0.75 MG 2 COMP.;GEDEON RICHTER;nov.-26;$6.644;;0;2
7861148022285;100412118A02;FAR;ESOMEPRAZOL 20MGX30 COMP.(OPKO);OPKO;feb.-27;$1.740;;0;240
7804918402313;1002D01;FAR;ETHONAZOL CREMA TOPICA 1%;ETHON;jul.-26;$275;;0;65
7891317120566;1301A11;FAR;ETOVITAE 60 MG X 14 COMP REC;GALENICUM;oct.-26;$4.599;;0;10
8427426046535;000542;FAR;EUROCOR-D 2,5-6,25 MG 35 COMP.REC. ;SAVAL;oct.-27;$10.100;;0;2
7800004509119;10GE12327D01;FAR;FITTIG DOBLE ACCION PVO TOP X 60 GR;ANDROMACO OTC;jun.-27;$3.599;;0;13
7800060145597;195009010A03;FAR;FLAPEX 4% GTS 15ML;ANDROMACO;jul.-25;$200;;0;294
7794640171758;1AA072C10;FAR;FORLIP 10 MG;ASCEND LABORATORIES SPA;ene.-26;$2.800;;0;11
7804918402108;100068218C03;FAR;FUROSEMIDA 40 MGX12 COMP;ANDROMACO;abr.-27;$268;;0;317
650240007828;100326323A01;FAR;GELCAIN  GEL 2% 30GR;VALMA;jun.-26;$1.699;;0;4
3664798040654;100275118A10;FAR;GLAFORNIL XR 1000MG 30COMP;MERCK;feb.-26;$17.990;;0;18
7804673040331;000888;FAR;GLAUPAX 500 MG 30 COMP.REC.;PASTEUR;jun.-26;$2.299;;0;5
7800063130514;100070218A10;FAR;GLIBENCLAMIDA 5MG X60 COMP;CHILE;ago.-25;$300;;0;116
7809591400564;1001D05;FAR;GOICOECHEA DIABET-TX 10% CREMA HIDRAT. PIEL EXTRA SECA 250G.;GENOMMA;ago.-27;$9.990;;0;1
7800004005000;101AC03;FAR;HIDROCLOROTIAZIDA 50 MG X 20 COMP.(LCH);CHILE;oct.-27;$485;;0;165
7804671180275;000916;FAR;HIPOGLOS NF  POMADA 72G.;ANDROMACO;may.-26;$4.015;;0;1
8903726308820;100292510M01;FAR;IBUPROFENO 200MG-5 ML SUSP 100ML;OPKO;feb.-26;$785;;0;174
8903726249291;180M01;FAR;IBUPROFENO 400MGX20 COMP (CHILE);CHILE;dic.-26;$330;;0;50
7804620833863;000007;FAR;IBUPROFENO 600MGX20 COMP.(OPKO);OPKO;#N/D;M01;;0;3000
7804629440253;1070R03;FAR;IPRASYNT HFA 20 MCG / DOSIS AER. X 200 DOSIS;FAES FARMA;#N/D;R03;;0;11
7793640211464;000906;FAR;IVERCASS 0,6% S.O. 20 ML ;D & M PHARMA;abr.-26;$11.999;;0;6
7804900000961;100KA10;FAR;JARDIANCE 10 MG X 30 COMP;BOEHRINGER INGELHEIM;feb.-27;$23.999;;0;3
7804671180145;1300R05;FAR;KALOBA SOLUCION X 20 ML;PHARMA INVESTI;abr.-26;$6.399;;0;1
8903726193556;000010;FAR;KETOROLACO 10MGX10 COMP (MINTLAB);MINTLAB;dic.-26;$300;;0;442
7804671180107;10010A06;FAR;LACTULOSA 66,7% SOL 200ML;CHILE;dic.-27;$2.690;;0;548
7804640560572;100419118A02;FAR;LANSOPRAZOL 30MGX30 CAPS.(LCH);CHILE;jun.-26;$890;;0;100
10742206011;100285023M02;FAR;LEFKAFLAM CR 50G;KNOP FITOTERAPEUTICOS;sep.-26;$2.999;;0;38
7800004369621;101R06;FAR;LEVOCETIRIZINA 5MGX30 COMP.(CURAESPRING);CURAESPRING;jun.-26;$902;;0;289
7804620832170;000528;FAR;LEVOXIN 750 MG 10 COMP. ;EUROFARMA;abr.-26;$6.990;;0;12
7800063111445;127002118R06;FAR;LORATADINA JBE 5MG-5ML 90ML;MILAB;oct.-25;$850;;0;43
7800063000312;000018;FAR;LOSARTAN 50 MGX30 COMP.(LCH);CHILE;oct.-27;$524;;0;604
95251631114625;190044018R06;FAR;LOTADIN 5MGX30 COMP;OPKO;feb.-26;$700;;0;914
7800018000329;000273;FAR;MANTECA DE CACAO COCO;VALMA;jul.-27;$660;;0;20
7800018000251;000274;FAR;MANTECA DE CACAO DAMASCO;VALMA;dic.-27;$690;;0;19
7804614931438;117100223D06;FAR;MANTECA DE CACAO FRUTILLA;VALMA;ene.-28;$700;;0;14
7803504000254;000266;FAR;MANTECA DE CACAO NARANJA;VALMA;feb.-28;$682;;0;62
7800007119322;000275;FAR;MANTECA DE CACAO PLATANO;VALMA;feb.-28;$700;;0;24
7798140259428;1003M02;FAR;MATIKOMP UNG. TOP. 35 G.;KNOP FITOTERAPEUTICOS;dic.-27;$3.999;;0;1
7800018000633;000889;FAR;MERPAL 15 MG-ML GOTAS 20 ML;PRATER;jul.-26;$3.050;;0;19
7800038046192;150BN02;FAR;METAMIZOL SOD 300 MG X 20 COMP.(valma);VALMA;feb.-28;$550;;0;195
7800007660282;104BA10;FAR;METFORMINA 1000MG X30 COMP;CURAESPRING;abr.-27;$1.749;;0;177
7800060110496;100323918A10;FAR;METFORMINA 850MGX30 COMP BE(ascend);GENERICOS VARIOS;dic.-27;$759;;0;388
7804673040386;000530;FAR;METFORMINA 850MGX60 COMP.(andromaco);LABORATORIOS ANDROMACO S.A.;jun.-27;$1.999;;0;69
650240004643;000281;FAR;METORENE COM 12,5 MG X 30 COM.(MEGALABS);PHARMA INVESTI;sep.-25;$3.200;;0;1
7804650882947;100226610R05;FAR;MINTAMOX 30MG-5ML JBE 100ML;MINTLAB;jul.-25;$200;;0;27
7793640211259;000532;FAR;MODAVITAE 200 MG X 30 COMP.;GALENICUM;jun.-26;$15.999;;0;4
7800007746320;151ES01;FAR;MONOPROST 50 MCG-ML SOL OFT X 30 PIPETAS;THEA;sep.-26;$22.999;;0;9
7804640560107;000928;FAR;MONTELUKAST COM 10 MG X 30 (euro);EUROFARMA;ago.-26;$2.859;;0;10
7804633500721;000927;FAR;MONTELUKAST COM 10 MG X 30 (lch);LAB CHILE;nov.-27;$2.747;;0;20
7805633014287;000901;FAR;MOXOF SOL OFT 0,5% X 5 ML;SAVAL;abr.-27;$14.064;;0;1
7804651931934;100190114D01;FAR;MUCIVIL 1% SOL TOP 15ML;PRATER;abr.-27;$2.899;;0;223
7800008020023;000914;FAR;MUPIROCINA 2% UNGÜENTO TÓPICO X 15G;HOSPIFARMA;oct.-26;$3.119;;0;5
7793640002543;000539;FAR;MUXOL 15 MG-5ML JARABE PEDIATRICO 100 ML (AMBROXOL);SAVAL;ene.-27;$3.010;;0;4
7800063310824;1300M01;FAR;NAPROXENO 550 MG X 10 COMP REC.(ANDROMACO);ANDROMACO;ene.-27;$1.033;;0;558
7800004241453;1201N02;FAR;NASTIZOL COMPOSITUM PEDIATRICO SOL. GTS. ORALES X 15 ML;BAGO;may.-26;$6.767;;0;1
7800063330563;100921218R01;FAR;NASTIZOL DN 18COMP;BAGO;oct.-26;$2.807;;0;149
7800041047605;10G021918R01;FAR;NASTUL CPTO 10 COMP;CHEMO;#N/D;R01;;0;120
7804620833047;1051N02;FAR;NEFERSIL 125 MG X 10 COMP. REC.;MEGALAB;ago.-27;$2.310;;0;19
7800007142573;1052M02;FAR;NEFERSIL 125MGX10 COMP;PHARMA INVESTI;dic.-27;$2.428;;0;100
7804902047797;000907;FAR;NEO-ALERTOP 5 MG 30 COMP.REC.;CHILE;mar.-26;$4.999;;0;1
7804923031560;100BR03;FAR;NEUMOCORT PLUS 160-4.5 MCG PVO INH X 150;D & M PHARMA;mar.-26;$23.990;;0;1
7800063000770;100366508A11;FAR;NEUROBION DC 10000 SOL INY X 3 JER PRE;PROCTER OTC;jul.-26;$14.100;;0;30
7861073971061;100318423D01;FAR;NISTATINA 100.000 UI UNG 15GR;HOSPIFARMA;jul.-25;$200;;0;36
310742006247;100D01;FAR;NISTATINA OVULOS 100.000 UI X 12;CHILE;sep.-25;$1.870;;0;6
7800063120935;100388618J01;FAR;NITROFURANTOINA MACRO 100MGX10 COMP (MINTLAB);MINTLAB;dic.-26;$1.056;;0;100
7800057001486;000543;FAR;OLANZAPINA 10 MG X  30 COMP.REC.(momenta);EUROFARMA;ago.-26;$4.739;;0;12
7800044000102;160A02;FAR;OMEPRAZOL 20MGX30 CAPS.(CURAESPRING);MDC;jun.-27;$528;;0;1200
7800063001524;000214;FAR;ORALGENE 0,12 % COLUTORIO X 120 ML;MAVER;ene.-28;$2.409;;0;5
7800063130125;171AA04;FAR;ORALNE 20 MG X 30 CAPS BLANDAS;DEUTSCHE PHARMA;jun.-27;$24.000;;0;11
7804614931469;100015540S02;FAR;OTICUM SOL OTO FCO 5ML;SAVAL;oct.-25;$6.098;;0;15
7804918450017;10G025910R05;FAR;PALTOMIEL JBE. AD. KNOP;KNOP FITOTERAPEUTICOS;dic.-27;$1.199;;0;805
7805633008910;10G026010R05;FAR;PALTOMIEL JBE. PED. KNOP;KNOP;oct.-27;$1.126;;0;700
7800044000430;120BN02;FAR;PANADOL 160 MG-5ML JBE. PED. 60 ML (PARACETAMOL);GSK  OTC;nov.-26;$3.383;;0;2
7800007804198;1005N02;FAR;PANADOL ADVANCE 500 MG x 12 COMP. REC.;GSK  OTC;feb.-27;$599;;0;7
7800007119407;000262;FAR;PANADOL INFANTIL 80MG X 20 COMP ;GSK  OTC;mar.-26;$1.300;;0;24
7804651937806;10G013218N02;FAR;PARACETAMOL 80MGX100 COMP. (mintlab);MINTLAB;sep.-26;$2.387;;0;225
7800007801548;100BN06;FAR;PASSIFLORA TM 50 COMPRIMIDOS;KNOP 1-021;jun.-28;$2.510;;0;4
7804651937806;125966410R05;FAR;PECTOX JBE 35MG-5ML 120ML;KNOP;feb.-26;$1.000;;0;225
7804673040393;000834;FAR;POSTPIL 1,5 MG X 1 COMP. (LEVONORGESTREL);DKT;may.-28;$2.849;;0;2
7800063110202;000937;FAR;PREDNISONA 20 MG - 5 ML SUS. ORAL X 60 ML FCO.(hospifarma);HOSPIFARMA;mar.-26;$1.089;;0;52
7804673040560;100292318H02;FAR;PREDNISONA 20MGX20 COMP.(LCH);CHILE;sep.-27;$990;;0;50
7800007155719;120AA6;FAR;QG5 PSIDIUM GUAJABA 166,6 MG. 4 DISPLAY DE 30 COMP.;GENOMMA;jun.-26;$32.000;;0;2
7800007122629;125AN05;FAR;QUETIAPINA 100 MG 30 COMP.REC.(SEVENPHARMA);SEVEN PHARMA;jul.-27;$2.100;;0;99
7800007810571;140283318C10;FAR;REDISTATIN 10MG 30 COMP;DR. REDDY´S LABORATORIES CHILE;abr.-26;$2.600;;0;74
7800004508594;10G030715S01;FAR;RED-OFF 0,0125% 15ML;CHILE;sep.-26;$2.843;;0;15
7804900000947;100BA12;FAR;REHSAL 90 MEQ PVO SOL ORAL LIMON X 4 SACHET;TEVA;dic.-27;$8.500;;0;3
7793640216100;100BA12;FAR;REHSAL 90 MEQ PVO SOL ORAL LIMON X 4 SACHET;TEVA;ago.-27;$8.200;;0;2
8903726184233;000722;FAR;RELANOK 100 MG 20 CAP. [BE] (TRAZODONA HCL);OPKO;abr.-26;$7.990;;0;3
7800007801555;1070P03;FAR;REPELEX CREMA PIEL SENSIBLE DE 80 G;SANITAS;nov.-27;$2.390;;0;4
7795373001220;100R01;FAR;RINOMASE 50 MCG SPRAY NASAL X200DOSIS;HOSPIFARMA;feb.-27;$4.637;;0;38
8429420268302;1001B01;FAR;RIVOXA(B) 15MG 30 COMP;SAVAL;nov.-25;$31.585;;0;1
7800004500826;125AC10;FAR;ROSUVASTATINA [ES] 10 MG 30 COMP.REC.;GENERICOS VARIOS;ene.-26;$1.890;;0;277
7800044001857;100076806R03;FAR;SALBUTAMOL INH 100 MCG - 200 DOSIS.(mintlab);GENERICOS VARIOS;may.-27;$979;;0;240
7800007120410;100132600D08;FAR;SANIGERMIN TRICLOSAN 0,3% PAN 90GR;SANITAS;ene.-26;$913;;0;34
7800026004791;000264;FAR;TAPSIN CALIENTE NOCHE X6 SOBRES;MAVER;nov.-25;$1.990;;0;2
7800007409249;000264;FAR;TAPSIN CALIENTE NOCHE X6 SOBRES;MAVER;jun.-27;$1.990;;0;44
7804900000367;100250318N02;FAR;TAPSIN D-N 18 COMP;MAVER;abr.-26;$1.143;;0;120
7800063003122;100278810N02;FAR;TAPSIN INF GTS 15ML;MAVER;may.-26;$1.400;;0;70
8902281614438;10G044218R05;FAR;TAPSIN NOCTURNO X600 COMP;MAVER;ene.-27;$16.830;;0;69
7800060125803;000011;FAR;TAPSIN PLUS LIMONADA NOCHEX30SOBRES 5GR;MAVER;may.-26;$10.835;;0;563
7804633500042;100BG03;FAR;TESTOSTERONA 250 MG/ML X 1 AMP.;ETHON;#N/D;G03;;0;150
7804640561388;100316210R05;FAR;TOCALM JBE INF 15MG-5ML 100ML;PRATER;oct.-26;$1.859;;0;4
7800059006922;3003CR01;FAR;TRAMADOL 100 MG - ML X 20ML GTS.(lch);CHILE;oct.-26;$1.254;;0;70
7800063001647;000717;FAR;TREX 500 MG X 3 COMP. REC.;SAVAL;mar.-27;$10.000;;0;4
7804620835645;10GE12818R01;FAR;TRIO VAL 10 COMP;SAVAL;mar.-27;$2.316;;0;47
7804673040072;000265;FAR;TUMS ENO 500MG x48 COMP MASTICABLES;GSK;mar.-27;$9.000;;0;10
7804653720574;129413018C09;FAR;VALAX 160MG 30COMP (SAVAL);SAVAL;dic.-25;$6.050;;0;20
7800007803887;100272523D02;FAR;VASELINA SOLIDA 24G.(DIFEM);DIFEM PHARMA;oct.-26;$930;;0;47
7804620836222;100000115S01;FAR;VIBIEN 15ML;OPKO;#N/D;S01;;0;100
7800060011656;000803;FAR;VIGER TADALAFILO 20MG X 4 COMP(IPHSA);IPHSA;dic.-27;$3.300;;0;110
7800068030451;1000A11;FAR;VITAMINA C 1000 mg + ZINC 10 MG SABOR NARANJA GERMAN ENERGY 20 TABLETAS EFERVESCENTES;BIOPLUS;ene.-28;$1.829;;0;10
8906063986652;125GA11;FAR;VITAMINA C 1000 MG BERRIES GERMAN ENERGY 20 TABLETAS EFERVESCENTES;GERMAN ENERGY;mar.-28;$1.542;;0;10
7804673040263;127AG11;FAR;VITAMINA C 1000 MG NARANJA  20 TABLETAS EFERVESCENTES GERMAN ENERGY;BIOPLUS;mar.-28;$1.618;;0;10
7800063000800;100001A11;FAR;VITAMINA C MASTICABLES 500 MGX30 COMP;CURAESPRING;dic.-25;$803;;0;98
7800004500826;000745;FAR;VITAMINA E400UI X 30 CAP.(farmacevita);FARMACEVITA;oct.-27;$995;;0;277
7800007810410;100260918G04;FAR;ZILFIC 50MG X2 COMP;MINTLAB;ene.-28;$506;;0;43
7804900000763;150A01;FAR;ZINCOVIT 5 MG - ML SOL ORAL GOTAS X 30 ML;ITF FARMA;feb.-29;$8.000;;0;8
7805633012818;000814;FAR;ZOPICLONA 7,5 MG X 30 COM. REC.(ASCEND);ASCEND;dic.-25;$649;;0;1008
310742006230;PERF350;PER;ASEPXIA BICARBONATO JABON BARRA 100 G.;GENOMMA;oct.-26;$3.399;;0;6
7800030075008;PERF353;PER;ASEPXIA CARBON TOALLITAS LIMPIEZA FACIAL X 25 UNID.ASEPXIA CARBON TOALLITAS LIMPIEZA FACIAL X 25 UNID.ASEPXIA CARBON TOALLITAS LIMPIEZA FACIAL X 25 UNID.ASEPXIA CARBON TOALLITAS LIMPIEZA FACIAL X 25 UNID.ASEPXIA CARBON TOALLITAS LIMPIEZA FACIAL X 25 UNID.;GENOMMA;jul.-26;$3.256;;0;2
8903831007588;PERF354;PER;ASEPXIA EXFOLIANTE JABON EN BARRA 100 G (LATAM);GENOMMA;jul.-27;$3.299;;0;5
4005800137679;PERF012;PER;CARISTOP COMPUESTO 0,0250 G % PASTA DENTAL X 100 G;MAVER;nov.-27;$3.699;;0;1
7803510002914;PERF091;PER;ETIENNE SET RETINOL SERUM + CREMA;DAVIS;nov.-27;$8.499;;0;2
7800038041371;PERF121;PER;ISDIN PROTECTOR LABIAL 4G. SPF30 PROTECCION ALTA;ISDIN;oct.-26;$4.609;;0;5
7800063330648;PERF122;PER;ISDIN PROTECTOR LABIAL 4G. SPF50+ PROTECCION MUY ALTA;ISDIN;abr.-27;$4.583;;0;5
7800007114525;PERF880;PER;NIVEA CREMA MULTIPROPOSITO 30ML.(lata);BEIERSDORF;mar.-27;$1.439;;0;2
7804620834914;PERF883;PER;NIVEA CREMA MULTIPROPOSITO 60ML;BEIERSDORF;ago.-26;$1.712;;0;2
4005900528230;PERF778;PER;NIVEA MEN CREMA 75 ML (LATA);BEIERSDORF;sep.-27;$3.251;;0;1
7800018129235;PERFD01;PER;PASTA DENTAL SENSODYNE REPARA & PROTEGE;GSK PERFUMERIA;feb.-26;$4.200;;0;7
7800018188317;4000DMF;PER;PHB CEPILLO SUPER 7 SUAVE PACK DUO X 2 UNID.;DENTAID;ene.-30;$4.708;;0;3
7800068010415;1005DMF;PER;PHB PETIT CEPILLO DENTAL X 1 UNID.;DENTAID;ene.-30;$2.100;;0;4
7804650880066;PERF051;PER;REVITALIF AC. HIALURONICO CONTORNO OJOS 15 ML;LOREAL;sep.-27;$8.990;;0;2
7800044000256;419903400DMF;PER;SEDA DENTAL 2X1 FAMILY SET;FAMILY SET;abr.-28;$1.014;;0;59
7800060418073;PERF703;PER;VITAPOVIN POMO X20G;MAVER;dic.-26;$1.520;;0;20
7800063112022;PERF107;PER;VITIS CEPILLO DENTAL VITIS PACK MEDIO + BLANQ X 15ML;DENTAID;ago.-27;$2.959;;0;2
;7804923031522T;PERF;ILICIT NVO 8/1 RU.CLA.CE;COSMETICA NACIONAL;mar.-28;$1.430;;0;60
7804923031225;7804923031225T;PERF;ILICIT NVO. 1/0 NEGRO;COSMETICA NACIONAL;nov.-27;$1.430;;0;276
7804923031249;7804923031249T;PERF;ILICIT NVO. 3/0 CAS.OSCU;COSMETICA NACIONAL;dic.-28;$1.430;;0;360
7804923021287;7804923021287T;PERF;ILICIT NVO. 5/0 CAS.CLARO;COSMETICA NACIONAL;dic.-27;$1.430;;0;420
;7804923031379T;PERF;ILICIT NVO. 5/20 CIRUELA;COSMETICA NACIONAL;dic.-28;$1.430;;0;36
7804923031454;7804923031448T;PERF;ILICIT NVO. 6/1 RUB.OS.CE;COSMETICA NACIONAL;nov.-27;$1.430;;0;24
7804923031317;7804923031317T;PERF;ILICIT NVO. 6/35 AVELLANA;COSMETICA NACIONAL;nov.-27;$1.100;;0;36
;7804923031409T;PERF;ILICIT NVO. 6/66 GUINDA;COSMETICA NACIONAL;nov.-27;$1.430;;0;180
7804923031331;7804923031331T;PERF;ILICIT NVO. 66/46 ROJ.GRA;COSMETICA NACIONAL;dic.-27;$1.430;;0;48
7804923031461;7804923031461T;PERF;ILICIT NVO. 7/0 RUB.MEDI;COSMETICA NACIONAL;dic.-27;$1.430;;0;360
;7804923031478T;PERF;ILICIT NVO. 7/1 RUB.ME.CE;COSMETICA NACIONAL;feb.-28;$1.430;;0;240
;7804923031485T;PERF;ILICIT NVO. 7/11 RU.CE.PR;COSMETICA NACIONAL;dic.-27;$1.430;;0;12
;7804923031492T;PERF;ILICIT NVO. 7/3 RUB.DORA.;COSMETICA NACIONAL;dic.-27;$1.430;;0;48
;7804923031508T;PERF;ILICIT NVO. 7/35 MIEL;COSMETICA NACIONAL;mar.-28;$1.430;;0;84
7804923031423;7804923031423T;PERF;ILICIT NVO. 7/46 CEREZA;COSMETICA NACIONAL;dic.-28;$1.430;;0;48
7804923031348;7804923031348T;PERF;ILICIT NVO. 77/44 RO.MAND;COSMETICA NACIONAL;nov.-27;$1.430;;0;60
;7804923031515T;PERF;ILICIT NVO. 8/0 RUB.CLARO;COSMETICA NACIONAL;oct.-27;$1.430;;0;180
7804923031553;7804923031553T;PERF;ILICIT NVO. 9/0 RU.EX.CLA;COSMETICA NACIONAL;ene.-28;$1.430;;0;60
;7804923031263T;PERF;ILICIT NVO.4/0 CAS.MEDIO;COSMETICA NACIONAL;nov.-27;$1.430;;0;300
7804923031362;7804923031362T;PERF;ILICIT TINTU. 4/45 CAOBA;COSMETICA NACIONAL;ene.-28;$1.430;;0;24
;7804923031546T;PERF;ILICIT TINTU.8/31 ALM.47G;COSMETICA NACIONAL;ene.-28;$1.430;;0;60
7800063330648;051SUP;SUP;B-COMPLEX SABOR NARANJA GERMAN ENERGY 20 TAB. EFERVESCENTES;BIOPLUS;ene.-28;$1.863;;0;5
7805163000095;SUP800;SUP;BION BB GOTAS 8 G. (BIFIDOBACTERIUM BB-12);PROCTER OTC;jun.-26;$13.790;;0;1
7800063116600;000268;SUP;EYKOSACOL CAP X 30;KNOP FITOTERAPEUTICOS;mar.-26;$4.564;;0;2
7800063330648;107SUP;SUP;KOLLPLUS COLAGENO+VITAMINA C GERMAN ENERGY X 20 TABLETAS EFERVESCENTE;BIOPLUS;ene.-28;$2.948;;0;5
7800063310862;SUP072;SUP;MULTIVITAMINAS + BIOTINA SABOR NARANJA GERMAN ENERGY 20 TABLETAS EFERVESCENTES;SWISS ENERGY;ago.-27;$1.745;;0;5
7803501004057;000891;SUP;POTENCIATOR 5 G. SOLUCION ORAL 20 AMPOLLAS BEBIBLES-10 ML ;FAES FARMA CHILE;ago.-27;$15.999;;0;4
7805750110435;VET20;VET;V-BRAVECTO PERRO 1.000MG 20-40 KG X1 COMP MAST;INTERVET GMBH.;mar.-26;$24.000;;0;4
7793640992677;VET21;VET;V-BRAVECTO PERRO 1.400MG 40-56 KG X 1 COMP MAST;DISTRIVET LIMITADA;sep.-25;$18.000;;0;4
7804673040294;VET8;VET;VT SIMPARICA 20 MG 5,1-10 KG X 1 COMP;VETERINARIA ZOETIS;sep.-26;$4.999;;0;11
7800038041210;VET10;VET;VT VERMIQUANTREL 50 MG X 1 COMP;VETERINARIA DRAG PHARMA;mar.-27;$1.910;;0;7
;VET7;VET;VT-SIMPARICA 10 MG 2,5 - 5 KG X 1 COMP;VETERINARIA ZOETIS;feb.-27;$4.717;;0;57
